backend,dataset,n,mean_f1,min_f1,max_f1,mean_ms
bert_onnx,MultiNERD,3,0.7978,0.7253,0.8682,1566.0
bert_onnx,WikiGold,58,0.6662,0.4487,1.0,788.0
bert_onnx,WNUT-17,55,0.2465,0.0,0.5455,710.0
bert_onnx,Few-NERD,2,0.2097,0.1096,0.3099,598.0
bert_onnx,MasakhaNER,2,0.1647,0.0847,0.2446,1649.0
bert_onnx,WikiANN,2,0.1645,0.0937,0.2353,831.0
bert_onnx,AnatEM,2,0.0,0.0,0.0,1468.0
bert_onnx,BC2GM,2,0.0,0.0,0.0,1270.0
bert_onnx,BC4CHEMD,2,0.0,0.0,0.0,900.0
bert_onnx,BC5CDR,3,0.0,0.0,0.0,696.0
bert_onnx,"CoNLL-2003 Sample",11,0.0,0.0,0.0,529.0
bert_onnx,CrossNER,2,0.0,0.0,0.0,1152.0
bert_onnx,FabNER,2,0.0,0.0,0.0,881.0
bert_onnx,GENIA,2,0.0,0.0,0.0,1038.0
bert_onnx,JNLPBA,3,0.0,0.0,0.0,2578.0
bert_onnx,"MIT Movie",6,0.0,0.0,0.0,590.0
bert_onnx,"MIT Restaurant",5,0.0,0.0,0.0,543.0
bert_onnx,"NCBI Disease",2,0.0,0.0,0.0,644.0
bilstm_crf,MultiNERD,3,0.1006,0.0,0.1509,1.0
bilstm_crf,WikiANN,2,0.0333,0.0,0.0667,0.0
bilstm_crf,WikiGold,204,0.0132,0.0,0.0588,28.0
bilstm_crf,AnatEM,2,0.0,0.0,0.0,1.0
bilstm_crf,BC2GM,2,0.0,0.0,0.0,0.0
bilstm_crf,BC4CHEMD,2,0.0,0.0,0.0,2.0
bilstm_crf,CrossNER,2,0.0,0.0,0.0,3.0
bilstm_crf,FabNER,2,0.0,0.0,0.0,0.0
bilstm_crf,GENIA,2,0.0,0.0,0.0,2.0
bilstm_crf,JNLPBA,3,0.0,0.0,0.0,1.0
bilstm_crf,WNUT-17,13,0.0,0.0,0.0,3.0
candle_ner,WikiGold,2,0.5553,0.4,0.7105,18485.0
candle_ner,WNUT-17,2,0.3952,0.2449,0.5455,21066.0
crf,MasakhaNER,7,0.0572,0.0482,0.1111,198.0
crf,WikiGold,81,0.0219,0.0,0.4,185.0
crf,WNUT-17,91,0.0015,0.0,0.08,144.0
crf,BC5CDR,2,0.0,0.0,0.0,267.0
crf,"Broad Twitter Corpus",4,0.0,0.0,0.0,7.0
crf,"CoNLL-2003 Sample",61,0.0,0.0,0.0,147.0
crf,FabNER,14,0.0,0.0,0.0,600.0
crf,Few-NERD,2,0.0,0.0,0.0,198.0
crf,JNLPBA,20,0.0,0.0,0.0,880.0
crf,"MIT Movie",4,0.0,0.0,0.0,18.0
crf,"MIT Restaurant",5,0.0,0.0,0.0,54.0
crf,"NCBI Disease",2,0.0,0.0,0.0,345.0
crf,WikiANN,11,0.0,0.0,0.0,70.0
ensemble,MultiNERD,3,0.575,0.4301,0.6479,906.0
ensemble,WikiGold,351,0.3053,0.0833,0.5679,74.0
ensemble,WNUT-17,31,0.2883,0.1495,0.4468,610.0
ensemble,AnatEM,2,0.0,0.0,0.0,465.0
ensemble,"CoNLL-2003 Sample",33,0.0,0.0,0.0,254.0
ensemble,FabNER,15,0.0,0.0,0.0,142.0
ensemble,GENIA,7,0.0,0.0,0.0,205.0
ensemble,JNLPBA,14,0.0,0.0,0.0,303.0
gliner2,MultiNERD,4,0.5036,0.4186,0.6923,5476.0
gliner2,WikiGold,34,0.4555,0.2222,1.0,6071.0
gliner2,Few-NERD,3,0.427,0.3662,0.4746,6923.0
gliner2,WNUT-17,31,0.38,0.0,0.8571,5935.0
gliner2,WikiANN,2,0.3387,0.2647,0.4127,5129.0
gliner2,"MIT Movie",4,0.3344,0.1558,0.6667,4657.0
gliner2,AnatEM,3,0.2785,0.2326,0.3529,5278.0
gliner2,MasakhaNER,8,0.2356,0.125,0.3194,7774.0
gliner2,BC2GM,2,0.1837,0.1702,0.1972,4792.0
gliner2,"NCBI Disease",2,0.1212,0.0,0.2424,4848.0
gliner2,JNLPBA,3,0.1145,0.0699,0.1656,5385.0
gliner2,GENIA,2,0.0387,0.0366,0.0408,6184.0
gliner2,"MIT Restaurant",3,0.0317,0.0,0.0952,4332.0
gliner2,CrossNER,2,0.0118,0.0104,0.0133,5478.0
gliner2,BC4CHEMD,2,0.0,0.0,0.0,5047.0
gliner2,BC5CDR,2,0.0,0.0,0.0,8523.0
gliner2,"DISRPT (eng.dep.scidtb.conllu, Seg)",3,0.0,0.0,0.0,5157.0
gliner2,FabNER,3,0.0,0.0,0.0,5122.0
gliner2,"TIMEX Recognition (Sentence, Original)",39,0.0,0.0,0.0,6333.0
gliner_onnx,MultiNERD,8,0.7345,0.5313,0.8571,1255.0
gliner_onnx,WikiGold,50,0.5036,0.3231,0.7692,1720.0
gliner_onnx,WNUT-17,46,0.3814,0.0548,1.0,1646.0
gliner_onnx,Few-NERD,3,0.3219,0.1923,0.3913,1677.0
gliner_onnx,WikiANN,10,0.2937,0.1818,0.5203,1361.0
gliner_onnx,MasakhaNER,5,0.1272,0.0,0.2222,939.0
gliner_onnx,"MIT Movie",5,0.0073,0.0,0.0364,1396.0
gliner_onnx,FabNER,2,0.0,0.0,0.0,1313.0
gliner_onnx,GENIA,3,0.0,0.0,0.0,1555.0
gliner_onnx,JNLPBA,2,0.0,0.0,0.0,1082.0
gliner_onnx,"MIT Restaurant",5,0.0,0.0,0.0,1378.0
gliner_onnx,"MultiCoNER v2",6,0.0,0.0,0.0,971.0
heuristic,WikiGold,420,0.309,0.1633,0.8,14.0
heuristic,WikiANN,15,0.1084,0.0,0.4,1.0
heuristic,"CoNLL-2003 Sample",89,0.0,0.0,0.0,24.0
hmm,WikiANN,7,0.0675,0.0,0.1111,2.0
hmm,WikiGold,34,0.0546,0.0,0.3333,6.0
hmm,"Broad Twitter Corpus",2,0.0,0.0,0.0,4.0
hmm,"CoNLL-2003 Sample",59,0.0,0.0,0.0,37.0
nuner,MultiNERD,8,0.6093,0.0,0.8571,5296.0
nuner,WikiGold,31,0.5369,0.0,1.0,6927.0
nuner,WNUT-17,28,0.3492,0.0,0.6667,7204.0
nuner,MasakhaNER,12,0.3032,0.0,0.5079,7349.0
nuner,WikiANN,4,0.0833,0.0,0.3333,4798.0
nuner,Few-NERD,2,0.0816,0.0,0.1633,8073.0
nuner,"MultiCoNER v2",7,0.0085,0.0,0.0412,6785.0
nuner,AnatEM,2,0.0,0.0,0.0,5783.0
nuner,BC2GM,2,0.0,0.0,0.0,6832.0
nuner,BC4CHEMD,2,0.0,0.0,0.0,5385.0
nuner,BC5CDR,3,0.0,0.0,0.0,7787.0
nuner,FabNER,2,0.0,0.0,0.0,5814.0
nuner,GENIA,4,0.0,0.0,0.0,6730.0
nuner,JNLPBA,3,0.0,0.0,0.0,5811.0
nuner,"MIT Movie",4,0.0,0.0,0.0,5327.0
nuner,"MIT Restaurant",4,0.0,0.0,0.0,5108.0
stacked,MultiNERD,2,0.4095,0.3333,0.4857,223.0
stacked,WikiGold,444,0.3549,0.0,1.0,238.0
stacked,WNUT-17,171,0.2611,0.0,0.5714,743.0
stacked,Few-NERD,7,0.1384,0.0,0.3733,262.0
stacked,MasakhaNER,8,0.1255,0.0976,0.1348,741.0
stacked,WikiANN,2,0.105,0.0833,0.1268,939.0
stacked,AnatEM,9,0.0,0.0,0.0,59.0
stacked,BC2GM,9,0.0,0.0,0.0,180.0
stacked,BC4CHEMD,7,0.0,0.0,0.0,63.0
stacked,BioMNER,2,0.0,0.0,0.0,562.0
stacked,"CoNLL-2003 Sample",68,0.0,0.0,0.0,478.0
stacked,CrossNER,4,0.0,0.0,0.0,70.0
stacked,FabNER,51,0.0,0.0,0.0,382.0
stacked,GENIA,11,0.0,0.0,0.0,131.0
stacked,JNLPBA,53,0.0,0.0,0.0,588.0
stacked,"MIT Movie",9,0.0,0.0,0.0,268.0
stacked,"MIT Restaurant",8,0.0,0.0,0.0,292.0
stacked,"MultiCoNER v2",4,0.0,0.0,0.0,396.0
stacked,"NCBI Disease",4,0.0,0.0,0.0,426.0
stacked,"OntoNotes Sample",8,0.0,0.0,0.0,1086.0
tplinker,WikiGold,5,0.2806,0.1951,0.4286,2.0
tplinker,WNUT-17,5,0.0695,0.0,0.1538,1.0
tplinker,"CoNLL-2003 Sample",2,0.0,0.0,0.0,1.0
w2ner,WikiANN,2,0.0127,0.004,0.0213,9409.0
w2ner,WNUT-17,13,0.005,0.0,0.011,11452.0
w2ner,WikiGold,13,0.0049,0.0,0.0093,12197.0
w2ner,MultiNERD,3,0.0046,0.0038,0.0054,12772.0
w2ner,MasakhaNER,7,0.0032,0.0013,0.0063,10055.0
w2ner,"MIT Restaurant",2,0.0028,0.0,0.0057,12461.0
w2ner,CrossNER,2,0.0011,0.0009,0.0013,11300.0
w2ner,AnatEM,2,0.0,0.0,0.0,11014.0
w2ner,BC2GM,2,0.0,0.0,0.0,9994.0
w2ner,BC4CHEMD,2,0.0,0.0,0.0,9459.0
w2ner,CADEC,12,0.0,0.0,0.0,18457.0
w2ner,FabNER,2,0.0,0.0,0.0,9651.0
w2ner,GENIA,3,0.0,0.0,0.0,11381.0
w2ner,JNLPBA,2,0.0,0.0,0.0,9444.0
